orderId,dueDate,priority
ORD00001,2025-09-29T09:00:00,2
ORD00002,2025-10-03T14:00:00,3
ORD00003,2025-10-04T22:00:00,3
ORD00004,2025-10-01T09:00:00,1
ORD00005,2025-10-06T05:00:00,2
ORD00006,2025-10-03T11:00:00,1
ORD00007,2025-10-02T20:00:00,1
ORD00008,2025-09-30T15:00:00,2
ORD00009,2025-09-29T14:00:00,3
ORD00010,2025-10-06T05:00:00,2
ORD00011,2025-10-01T19:00:00,1
ORD00012,2025-09-30T07:00:00,2
ORD00013,2025-10-03T11:00:00,2
ORD00014,2025-09-29T08:00:00,2
ORD00015,2025-09-28T18:00:00,2
ORD00016,2025-09-29T21:00:00,3
ORD00017,2025-10-06T15:00:00,2
ORD00018,2025-10-06T16:00:00,1
ORD00019,2025-10-04T04:00:00,1
ORD00020,2025-10-05T20:00:00,2
ORD00021,2025-09-29T17:00:00,3
ORD00022,2025-09-28T21:00:00,2
ORD00023,2025-10-05T21:00:00,1
ORD00024,2025-10-04T23:00:00,1
ORD00025,2025-10-01T20:00:00,1
ORD00026,2025-10-02T21:00:00,1
ORD00027,2025-10-06T02:00:00,3
ORD00028,2025-10-05T17:00:00,2
ORD00029,2025-10-06T10:00:00,3
ORD00030,2025-10-01T23:00:00,3
ORD00031,2025-09-29T00:00:00,2
ORD00032,2025-09-28T18:00:00,3
ORD00033,2025-10-01T21:00:00,1
ORD00034,2025-10-04T11:00:00,3
ORD00035,2025-10-03T16:00:00,1
ORD00036,2025-10-04T11:00:00,1
ORD00037,2025-09-29T01:00:00,1
ORD00038,2025-10-01T17:00:00,2
ORD00039,2025-10-03T17:00:00,1
ORD00040,2025-10-04T05:00:00,1
